{"title":"The Declaration of Independence","author":"Thomas Jefferson","language":"English"}{"title":"The Declaration of Independence","year":"1","language":"English"}{"title":"The Declaration of Independence","author":"Thomas Jefferson","language":"English"}{"title":"The Declaration of Independence","year":"1","language":"English"}{"title":"The Declaration of Independence","author":"Thomas Jefferson","language":"English"}{"title":"The Declaration of Independence","year":"1","language":"English"}{"title":"The Declaration of Independence","author":"Thomas Jefferson","language":"English"}{"title":"The Declaration of Independence","year":"1","language":"English"}{"title":"The Declaration of Independence","author":"Thomas Jefferson","language":"English"}{"title":"The Declaration of Independence","year":"1","language":"English"}